{"cameraMode":{"drawMode":0,"name":"Shaded","section":"Shading Mode"},"sceneLighting":true,"audioPlay":false,"sceneViewState":{"showFog":true,"showMaterialUpdate":false,"showSkybox":true,"showFlares":true,"showImageEffects":true,"showParticleSystems":true},"in2DMode":false,"pivot":{"x":-0.5174894332885742,"y":1.7947998046875,"z":0.9146122932434082},"rotation":{"x":-0.13898533582687379,"y":0.8424691557884216,"z":-0.2595078647136688,"w":-0.4512033760547638},"size":17.02139663696289,"orthographic":false}